{
  "project_info": {
    "project_number": "959278210861",
    "project_id": "womensafety-e81d4",
    "storage_bucket": "womensafety-e81d4.appspot.com"
  },
  "client": [
    {
      "client_info": {
        "mobilesdk_app_id": "1:959278210861:android:e319a4c94d49aba7323da4",
        "android_client_info": {
          "package_name": "com.example.women_safety_application"
        }
      },
      "oauth_client": [
        {
          "client_id": "959278210861-p77uivbmam1u1310u7hut83dgo9n43lg.apps.googleusercontent.com",
          "client_type": 1,
          "android_info": {
            "package_name": "com.example.women_safety_application",
            "certificate_hash": "2171b33350e687e9d2b40b37b6e44fa3cd02d2ea"
          }
        },
        {
          "client_id": "959278210861-9c8h5vkps1avmrhidfhlkhr83pucp7li.apps.googleusercontent.com",
          "client_type": 3
        }
      ],
      "api_key": [
        {
          "current_key": "AIzaSyAehAAyj5r0skXw6QITwywxaNbnoKKlU7A"
        }
      ],
      "services": {
        "appinvite_service": {
          "other_platform_oauth_client": [
            {
              "client_id": "959278210861-9c8h5vkps1avmrhidfhlkhr83pucp7li.apps.googleusercontent.com",
              "client_type": 3
            }
          ]
        }
      }
    }
  ],
  "configuration_version": "1"
}